-- phpMyAdmin SQL Dump
-- version 4.3.11
-- http://www.phpmyadmin.net
--
-- Host: 127.0.0.1
-- Generation Time: May 11, 2016 at 12:49 PM
-- Server version: 5.6.24
-- PHP Version: 5.6.8

SET SQL_MODE = "NO_AUTO_VALUE_ON_ZERO";
SET time_zone = "+00:00";


/*!40101 SET @OLD_CHARACTER_SET_CLIENT=@@CHARACTER_SET_CLIENT */;
/*!40101 SET @OLD_CHARACTER_SET_RESULTS=@@CHARACTER_SET_RESULTS */;
/*!40101 SET @OLD_COLLATION_CONNECTION=@@COLLATION_CONNECTION */;
/*!40101 SET NAMES utf8 */;

--
-- Database: `movie_booking`
--

-- --------------------------------------------------------

--
-- Table structure for table `booked`
--

CREATE TABLE IF NOT EXISTS `booked` (
  `id` int(11) NOT NULL,
  `username` varchar(50) NOT NULL,
  `seat` int(2) NOT NULL,
  `movie_id` int(11) NOT NULL,
  `theatre_id` int(11) NOT NULL,
  `mdate` date NOT NULL,
  `time` time NOT NULL,
  `price` int(11) NOT NULL
) ENGINE=InnoDB AUTO_INCREMENT=37 DEFAULT CHARSET=latin1;

--
-- Dumping data for table `booked`
--

INSERT INTO `booked` (`id`, `username`, `seat`, `movie_id`, `theatre_id`, `mdate`, `time`, `price`) VALUES
(1, 'sanya91', 9, 1, 1, '2012-05-01', '11:00:00', 100),
(2, 'sanya91', 1, 1, 1, '2012-05-01', '11:00:00', 100),
(3, 'sanya91', 3, 2, 2, '2012-04-30', '18:00:00', 100),
(4, 'sanya91', 3, 1, 2, '2012-04-30', '15:00:00', 125),
(5, 'sanya91', 4, 1, 2, '2012-04-30', '15:00:00', 125),
(6, 'sanchit', 12, 2, 2, '2012-04-30', '18:00:00', 100),
(7, 'sanya91', 1, 1, 3, '2012-05-01', '15:00:00', 100),
(8, 'serti', 2, 1, 2, '2012-04-30', '15:00:00', 125),
(9, 'serti', 7, 1, 2, '2012-04-30', '15:00:00', 125),
(10, 'admin', 11, 1, 1, '2012-05-01', '11:00:00', 100),
(11, 'admin', 1, 6, 1, '2012-05-03', '21:00:00', 125),
(12, 'sanya91', 8, 1, 2, '2012-04-30', '15:00:00', 125),
(13, 'sanya91', 5, 1, 2, '2012-04-30', '15:00:00', 125),
(14, 'sanchit', 5, 2, 2, '2012-05-01', '11:00:00', 125),
(15, 'admin', 4, 4, 2, '2012-05-02', '18:00:00', 150),
(16, 'admin', 6, 4, 2, '2012-05-02', '18:00:00', 150),
(17, 'sanchit', 10, 6, 1, '2012-05-02', '15:00:00', 150),
(18, 'sanchit', 9, 6, 1, '2012-05-02', '15:00:00', 150),
(19, 'sanchit', 8, 6, 1, '2012-05-02', '15:00:00', 150),
(20, 'admin', 5, 2, 2, '2012-04-30', '18:00:00', 100),
(21, 'admin', 6, 6, 1, '2012-05-03', '21:00:00', 125),
(22, 'sanya91', 10, 6, 1, '2012-05-03', '18:00:00', 125),
(23, 'sanya91', 5, 6, 1, '2012-05-03', '18:00:00', 125),
(24, 'admin', 7, 7, 2, '2012-05-02', '21:00:00', 125),
(25, 'admin', 2, 6, 1, '2012-05-03', '18:00:00', 125),
(26, 'venkat', 7, 2, 2, '2016-05-12', '11:00:00', 125),
(27, 'venkat', 7, 2, 2, '2016-05-12', '11:00:00', 125),
(28, 'venkat', 9, 2, 2, '2016-05-12', '11:00:00', 125),
(29, 'venkat', 7, 6, 3, '2016-05-12', '11:30:00', 100),
(30, 'venkat', 7, 6, 3, '2016-05-12', '11:30:00', 100),
(32, 'dvts', 11, 5, 4, '2016-05-12', '11:30:00', 100),
(33, 'dvts', 11, 6, 4, '2016-05-12', '11:30:00', 100),
(34, 'venkat', 6, 2, 2, '2016-05-12', '11:00:00', 125),
(35, 'venkat', 6, 2, 2, '2016-05-12', '11:00:00', 125),
(36, 'venkat', 6, 2, 2, '2016-05-12', '11:00:00', 125);

-- --------------------------------------------------------

--
-- Table structure for table `city`
--

CREATE TABLE IF NOT EXISTS `city` (
  `city_id` int(11) NOT NULL,
  `city_name` varchar(50) NOT NULL
) ENGINE=InnoDB AUTO_INCREMENT=4 DEFAULT CHARSET=latin1;

--
-- Dumping data for table `city`
--

INSERT INTO `city` (`city_id`, `city_name`) VALUES
(1, 'Delhi'),
(2, 'Mumbai'),
(3, 'Karnataka');

-- --------------------------------------------------------

--
-- Table structure for table `movie`
--

CREATE TABLE IF NOT EXISTS `movie` (
  `id` int(11) NOT NULL,
  `movie_id` int(11) NOT NULL,
  `movie_name` varchar(100) NOT NULL,
  `theatre_id` int(11) NOT NULL,
  `city_id` int(11) NOT NULL,
  `mdate` date NOT NULL,
  `showtiming` time NOT NULL,
  `price` int(11) NOT NULL,
  `status` enum('Now Showing','Next Change','Coming Soon') NOT NULL
) ENGINE=InnoDB AUTO_INCREMENT=48 DEFAULT CHARSET=latin1;

--
-- Dumping data for table `movie`
--

INSERT INTO `movie` (`id`, `movie_id`, `movie_name`, `theatre_id`, `city_id`, `mdate`, `showtiming`, `price`, `status`) VALUES
(1, 1, 'dad', 1, 1, '2016-05-12', '10:00:00', 120, 'Now Showing'),
(2, 2, 'Avengers', 2, 1, '2016-04-30', '18:00:00', 100, 'Now Showing'),
(3, 2, 'Avengers', 2, 1, '2016-04-30', '11:30:00', 125, 'Now Showing'),
(4, 2, 'Avengers', 2, 1, '2016-05-12', '11:00:00', 125, 'Now Showing'),
(5, 2, 'Avengers', 2, 1, '2016-05-02', '18:00:00', 125, 'Now Showing'),
(6, 3, 'Roll Up', 1, 1, '2016-05-09', '18:00:00', 125, 'Next Change'),
(7, 3, 'Roll Up', 2, 1, '2016-05-09', '10:00:00', 100, 'Next Change'),
(8, 1, 'Vicky Donor', 3, 2, '2016-05-12', '15:00:00', 100, 'Now Showing'),
(9, 2, 'Avengers', 4, 3, '2016-04-30', '11:30:00', 150, 'Now Showing'),
(10, 4, 'Sherlock Holmes', 2, 1, '2016-05-02', '18:00:00', 150, 'Now Showing'),
(11, 6, 'Pirates Of The Carribean', 1, 1, '2016-05-03', '21:00:00', 125, 'Now Showing'),
(12, 6, 'Pirates Of The Carribean', 1, 1, '2016-05-02', '15:00:00', 150, 'Now Showing'),
(13, 6, 'Pirates Of The Carribean', 1, 1, '2016-05-03', '18:00:00', 125, 'Now Showing'),
(14, 6, 'Pirates Of The Carribean', 1, 1, '2016-05-04', '04:00:00', 120, 'Now Showing'),
(15, 6, 'Pirates Of The Carribean', 3, 2, '2016-05-12', '11:30:00', 100, 'Now Showing'),
(16, 6, 'Pirates Of The Carribean', 4, 3, '2016-05-12', '11:30:00', 100, 'Now Showing'),
(17, 6, 'Pirates Of The Carribean', 4, 3, '2016-05-12', '18:00:00', 100, 'Now Showing'),
(18, 6, 'Pirates Of The Carribean', 4, 3, '2016-05-02', '18:00:00', 100, 'Now Showing'),
(19, 5, 'Sherlock Holmes', 4, 3, '2016-05-12', '11:00:00', 100, 'Now Showing'),
(20, 5, 'Sherlock Holmes', 3, 2, '2016-05-12', '12:00:00', 100, 'Now Showing'),
(21, 5, 'Sherlock Holmes', 3, 2, '2016-05-02', '15:00:00', 100, 'Now Showing'),
(22, 5, 'Sherlock Holmes', 3, 2, '2016-05-03', '21:00:00', 100, 'Now Showing'),
(23, 5, 'Sherlock Holmes', 3, 2, '2016-05-04', '22:00:00', 100, 'Now Showing'),
(24, 5, 'Sherlock Holmes', 4, 3, '2016-05-02', '20:00:00', 125, 'Now Showing'),
(25, 5, 'Sherlock Holmes', 4, 3, '2016-05-03', '18:00:00', 125, 'Now Showing'),
(26, 5, 'Sherlock Holmes', 4, 3, '2016-05-04', '15:00:00', 100, 'Now Showing'),
(27, 7, 'From Hell', 4, 3, '2016-05-12', '15:00:00', 100, 'Now Showing'),
(28, 7, 'From Hell', 4, 3, '2016-05-02', '12:00:00', 100, 'Now Showing'),
(29, 7, 'From Hell', 4, 3, '2016-05-03', '13:00:00', 100, 'Now Showing'),
(30, 7, 'From Hell', 4, 3, '2016-05-03', '18:00:00', 100, 'Now Showing'),
(31, 7, 'From Hell', 4, 3, '2016-05-04', '18:00:00', 100, 'Now Showing'),
(32, 7, 'From Hell', 3, 2, '2016-05-04', '18:00:00', 100, 'Now Showing'),
(33, 7, 'From Hell', 3, 2, '2016-05-03', '12:00:00', 100, 'Now Showing'),
(34, 7, 'From Hell', 3, 2, '2016-05-03', '17:00:00', 100, 'Now Showing'),
(35, 7, 'From Hell', 3, 2, '2016-05-02', '21:00:00', 100, 'Now Showing'),
(36, 7, 'From Hell', 3, 2, '2016-05-12', '12:00:00', 100, 'Now Showing'),
(37, 7, 'From Hell', 1, 1, '2016-05-12', '12:00:00', 100, 'Now Showing'),
(38, 7, 'From Hell', 2, 1, '2016-05-12', '12:00:00', 100, 'Now Showing'),
(39, 7, 'From Hell', 2, 1, '2016-05-02', '18:00:00', 125, 'Now Showing'),
(40, 7, 'From Hell', 2, 1, '2016-05-02', '21:00:00', 125, 'Now Showing'),
(41, 7, 'From Hell', 2, 1, '2016-05-03', '11:00:00', 125, 'Now Showing'),
(42, 7, 'From Hell', 2, 1, '2016-05-04', '12:00:00', 125, 'Now Showing'),
(43, 7, 'From Hell', 1, 1, '2016-05-02', '15:00:00', 125, 'Now Showing'),
(44, 7, 'From Hell', 1, 1, '2016-05-04', '16:00:00', 100, 'Now Showing'),
(45, 7, 'From Hell', 1, 1, '2016-05-03', '18:00:00', 100, 'Now Showing'),
(46, 7, 'From Hell', 1, 1, '2016-05-04', '21:00:00', 100, 'Now Showing'),
(47, 8, 'Roll Down', 3, 2, '2016-05-10', '12:00:00', 150, 'Next Change');

-- --------------------------------------------------------

--
-- Table structure for table `seats`
--

CREATE TABLE IF NOT EXISTS `seats` (
  `seat` int(2) NOT NULL,
  `movie_id` int(11) NOT NULL,
  `theatre_id` int(11) NOT NULL,
  `mdate` date NOT NULL,
  `time` time NOT NULL,
  `status` enum('booked','not booked') NOT NULL
) ENGINE=InnoDB DEFAULT CHARSET=latin1;

--
-- Dumping data for table `seats`
--

INSERT INTO `seats` (`seat`, `movie_id`, `theatre_id`, `mdate`, `time`, `status`) VALUES
(1, 1, 2, '2016-04-30', '15:00:00', 'not booked'),
(2, 1, 2, '2016-04-30', '15:00:00', 'booked'),
(3, 1, 2, '2016-04-30', '15:00:00', 'booked'),
(4, 1, 2, '2016-04-30', '15:00:00', 'booked'),
(5, 1, 2, '2016-04-30', '15:00:00', 'booked'),
(6, 1, 2, '2016-04-30', '15:00:00', 'not booked'),
(7, 1, 2, '2016-04-30', '15:00:00', 'booked'),
(8, 1, 2, '2016-04-30', '15:00:00', 'booked'),
(9, 1, 2, '2016-04-30', '15:00:00', 'not booked'),
(10, 1, 2, '2016-04-30', '15:00:00', 'not booked'),
(11, 1, 2, '2016-04-30', '15:00:00', 'not booked'),
(12, 1, 2, '2016-04-30', '15:00:00', 'not booked'),
(1, 1, 1, '2016-05-12', '11:00:00', 'booked'),
(2, 1, 1, '2016-05-12', '11:00:00', 'not booked'),
(3, 1, 1, '2016-05-12', '11:00:00', 'not booked'),
(4, 1, 1, '2016-05-12', '11:00:00', 'not booked'),
(5, 1, 1, '2016-05-12', '11:00:00', 'not booked'),
(6, 1, 1, '2016-05-12', '11:00:00', 'not booked'),
(7, 1, 1, '2016-05-12', '11:00:00', 'not booked'),
(8, 1, 1, '2016-05-12', '11:00:00', 'not booked'),
(9, 1, 1, '2016-05-12', '11:00:00', 'booked'),
(10, 1, 1, '2016-05-12', '11:00:00', 'not booked'),
(11, 1, 1, '2016-05-12', '11:00:00', 'booked'),
(12, 1, 1, '2016-05-12', '11:00:00', 'not booked'),
(1, 1, 2, '2016-04-30', '14:00:00', 'not booked'),
(2, 1, 2, '2016-04-30', '14:00:00', 'not booked'),
(3, 1, 2, '2016-04-30', '14:00:00', 'not booked'),
(4, 1, 2, '2016-04-30', '14:00:00', 'not booked'),
(5, 1, 2, '2016-04-30', '14:00:00', 'not booked'),
(6, 1, 2, '2016-04-30', '14:00:00', 'not booked'),
(7, 1, 2, '2016-04-30', '14:00:00', 'not booked'),
(8, 1, 2, '2016-04-30', '14:00:00', 'not booked'),
(9, 1, 2, '2016-04-30', '14:00:00', 'not booked'),
(10, 1, 2, '2016-04-30', '14:00:00', 'not booked'),
(11, 1, 2, '2016-04-30', '14:00:00', 'not booked'),
(12, 1, 2, '2016-04-30', '14:00:00', 'not booked'),
(1, 1, 2, '2016-05-14', '11:30:00', 'not booked'),
(2, 1, 2, '2016-05-14', '11:30:00', 'not booked'),
(3, 1, 2, '2016-05-14', '11:30:00', 'not booked'),
(4, 1, 2, '2016-05-14', '11:30:00', 'not booked'),
(5, 1, 2, '2016-05-14', '11:30:00', 'not booked'),
(6, 1, 2, '2016-05-14', '11:30:00', 'not booked'),
(7, 1, 2, '2016-05-14', '11:30:00', 'not booked'),
(8, 1, 2, '2016-05-14', '11:30:00', 'not booked'),
(9, 1, 2, '2016-05-14', '11:30:00', 'not booked'),
(10, 1, 2, '2016-05-14', '11:30:00', 'not booked'),
(11, 1, 2, '2016-05-14', '11:30:00', 'not booked'),
(12, 1, 2, '2016-05-14', '11:30:00', 'not booked'),
(1, 2, 2, '2016-04-30', '18:00:00', 'not booked'),
(2, 2, 2, '2016-04-30', '18:00:00', 'not booked'),
(3, 2, 2, '2016-04-30', '18:00:00', 'booked'),
(4, 2, 2, '2016-04-30', '18:00:00', 'not booked'),
(5, 2, 2, '2016-04-30', '18:00:00', 'booked'),
(6, 2, 2, '2016-04-30', '18:00:00', 'not booked'),
(7, 2, 2, '2016-04-30', '18:00:00', 'not booked'),
(8, 2, 2, '2016-04-30', '18:00:00', 'not booked'),
(9, 2, 2, '2016-04-30', '18:00:00', 'not booked'),
(10, 2, 2, '2016-04-30', '18:00:00', 'not booked'),
(11, 2, 2, '2016-04-30', '18:00:00', 'not booked'),
(12, 2, 2, '2016-04-30', '18:00:00', 'booked'),
(1, 2, 2, '2016-04-30', '11:30:00', 'not booked'),
(2, 2, 2, '2016-04-30', '11:30:00', 'not booked'),
(3, 2, 2, '2016-04-30', '11:30:00', 'not booked'),
(4, 2, 2, '2016-04-30', '11:30:00', 'not booked'),
(5, 2, 2, '2016-04-30', '11:30:00', 'not booked'),
(6, 2, 2, '2016-04-30', '11:30:00', 'not booked'),
(7, 2, 2, '2016-04-30', '11:30:00', 'not booked'),
(8, 2, 2, '2016-04-30', '11:30:00', 'not booked'),
(9, 2, 2, '2016-04-30', '11:30:00', 'not booked'),
(10, 2, 2, '2016-04-30', '11:30:00', 'not booked'),
(11, 2, 2, '2016-04-30', '11:30:00', 'not booked'),
(12, 2, 2, '2016-04-30', '11:30:00', 'not booked'),
(1, 2, 2, '2016-05-12', '11:00:00', 'not booked'),
(2, 2, 2, '2016-05-12', '11:00:00', 'not booked'),
(3, 2, 2, '2016-05-12', '11:00:00', 'not booked'),
(4, 2, 2, '2016-05-12', '11:00:00', 'not booked'),
(5, 2, 2, '2016-05-12', '11:00:00', 'booked'),
(6, 2, 2, '2016-05-12', '11:00:00', 'not booked'),
(7, 2, 2, '2016-05-12', '11:00:00', 'not booked'),
(8, 2, 2, '2016-05-12', '11:00:00', 'not booked'),
(9, 2, 2, '2016-05-12', '11:00:00', 'not booked'),
(10, 2, 2, '2016-05-12', '11:00:00', 'not booked'),
(11, 2, 2, '2016-05-12', '11:00:00', 'not booked'),
(12, 2, 2, '2016-05-12', '11:00:00', 'not booked'),
(1, 2, 2, '2016-05-14', '18:00:00', 'not booked'),
(2, 2, 2, '2016-05-14', '18:00:00', 'not booked'),
(3, 2, 2, '2016-05-14', '18:00:00', 'not booked'),
(4, 2, 2, '2016-05-14', '18:00:00', 'not booked'),
(5, 2, 2, '2016-05-14', '18:00:00', 'not booked'),
(6, 2, 2, '2016-05-14', '18:00:00', 'not booked'),
(7, 2, 2, '2016-05-14', '18:00:00', 'not booked'),
(8, 2, 2, '2016-05-14', '18:00:00', 'not booked'),
(9, 2, 2, '2016-05-14', '18:00:00', 'not booked'),
(10, 2, 2, '2016-05-14', '18:00:00', 'not booked'),
(11, 2, 2, '2016-05-14', '18:00:00', 'not booked'),
(12, 2, 2, '2016-05-14', '18:00:00', 'not booked'),
(1, 3, 1, '2016-05-09', '18:00:00', 'not booked'),
(2, 3, 1, '2016-05-09', '18:00:00', 'not booked'),
(3, 3, 1, '2016-05-09', '18:00:00', 'not booked'),
(4, 3, 1, '2016-05-09', '18:00:00', 'not booked'),
(5, 3, 1, '2016-05-09', '18:00:00', 'not booked'),
(6, 3, 1, '2016-05-09', '18:00:00', 'not booked'),
(7, 3, 1, '2016-05-09', '18:00:00', 'not booked'),
(8, 3, 1, '2016-05-09', '18:00:00', 'not booked'),
(9, 3, 1, '2016-05-09', '18:00:00', 'not booked'),
(10, 3, 1, '2016-05-09', '18:00:00', 'not booked'),
(11, 3, 1, '2016-05-09', '18:00:00', 'not booked'),
(12, 3, 1, '2016-05-09', '18:00:00', 'not booked'),
(1, 3, 2, '2016-05-09', '10:00:00', 'not booked'),
(2, 3, 2, '2016-05-09', '10:00:00', 'not booked'),
(3, 3, 2, '2016-05-09', '10:00:00', 'not booked'),
(4, 3, 2, '2016-05-09', '10:00:00', 'not booked'),
(5, 3, 2, '2016-05-09', '10:00:00', 'not booked'),
(6, 3, 2, '2016-05-09', '10:00:00', 'not booked'),
(7, 3, 2, '2016-05-09', '10:00:00', 'not booked'),
(8, 3, 2, '2016-05-09', '10:00:00', 'not booked'),
(9, 3, 2, '2016-05-09', '10:00:00', 'not booked'),
(10, 3, 2, '2016-05-09', '10:00:00', 'not booked'),
(11, 3, 2, '2016-05-09', '10:00:00', 'not booked'),
(12, 3, 2, '2016-05-09', '10:00:00', 'not booked'),
(1, 1, 3, '2016-05-12', '15:00:00', 'booked'),
(2, 1, 3, '2016-05-12', '15:00:00', 'not booked'),
(3, 1, 3, '2016-05-12', '15:00:00', 'not booked'),
(4, 1, 3, '2016-05-12', '15:00:00', 'not booked'),
(5, 1, 3, '2016-05-12', '15:00:00', 'not booked'),
(6, 1, 3, '2016-05-12', '15:00:00', 'not booked'),
(7, 1, 3, '2016-05-12', '15:00:00', 'not booked'),
(8, 1, 3, '2016-05-12', '15:00:00', 'not booked'),
(9, 1, 3, '2016-05-12', '15:00:00', 'not booked'),
(10, 1, 3, '2016-05-12', '15:00:00', 'not booked'),
(11, 1, 3, '2016-05-12', '15:00:00', 'not booked'),
(12, 1, 3, '2016-05-12', '15:00:00', 'not booked'),
(1, 2, 4, '2016-04-30', '11:30:00', 'not booked'),
(2, 2, 4, '2016-04-30', '11:30:00', 'not booked'),
(3, 2, 4, '2016-04-30', '11:30:00', 'not booked'),
(4, 2, 4, '2016-04-30', '11:30:00', 'not booked'),
(5, 2, 4, '2016-04-30', '11:30:00', 'not booked'),
(6, 2, 4, '2016-04-30', '11:30:00', 'not booked'),
(7, 2, 4, '2016-04-30', '11:30:00', 'not booked'),
(8, 2, 4, '2016-04-30', '11:30:00', 'not booked'),
(9, 2, 4, '2016-04-30', '11:30:00', 'not booked'),
(10, 2, 4, '2016-04-30', '11:30:00', 'not booked'),
(11, 2, 4, '2016-04-30', '11:30:00', 'not booked'),
(12, 2, 4, '2016-04-30', '11:30:00', 'not booked'),
(1, 4, 2, '2016-05-14', '18:00:00', 'not booked'),
(2, 4, 2, '2016-05-14', '18:00:00', 'not booked'),
(3, 4, 2, '2016-05-14', '18:00:00', 'not booked'),
(4, 4, 2, '2016-05-14', '18:00:00', 'booked'),
(5, 4, 2, '2016-05-14', '18:00:00', 'not booked'),
(6, 4, 2, '2016-05-14', '18:00:00', 'booked'),
(7, 4, 2, '2016-05-14', '18:00:00', 'not booked'),
(8, 4, 2, '2016-05-14', '18:00:00', 'not booked'),
(9, 4, 2, '2016-05-14', '18:00:00', 'not booked'),
(10, 4, 2, '2016-05-14', '18:00:00', 'not booked'),
(11, 4, 2, '2016-05-14', '18:00:00', 'not booked'),
(12, 4, 2, '2016-05-14', '18:00:00', 'not booked'),
(1, 6, 1, '2016-05-15', '21:00:00', 'booked'),
(2, 6, 1, '2016-05-15', '21:00:00', 'not booked'),
(3, 6, 1, '2016-05-15', '21:00:00', 'not booked'),
(4, 6, 1, '2016-05-15', '21:00:00', 'not booked'),
(5, 6, 1, '2016-05-15', '21:00:00', 'not booked'),
(6, 6, 1, '2016-05-15', '21:00:00', 'booked'),
(7, 6, 1, '2016-05-15', '21:00:00', 'not booked'),
(8, 6, 1, '2016-05-15', '21:00:00', 'not booked'),
(9, 6, 1, '2016-05-15', '21:00:00', 'not booked'),
(10, 6, 1, '2016-05-15', '21:00:00', 'not booked'),
(11, 6, 1, '2016-05-15', '21:00:00', 'not booked'),
(12, 6, 1, '2016-05-15', '21:00:00', 'not booked'),
(1, 6, 1, '2016-05-14', '15:00:00', 'not booked'),
(2, 6, 1, '2016-05-14', '15:00:00', 'not booked'),
(3, 6, 1, '2016-05-14', '15:00:00', 'not booked'),
(4, 6, 1, '2016-05-14', '15:00:00', 'not booked'),
(5, 6, 1, '2016-05-14', '15:00:00', 'not booked'),
(6, 6, 1, '2016-05-14', '15:00:00', 'not booked'),
(7, 6, 1, '2016-05-14', '15:00:00', 'not booked'),
(8, 6, 1, '2016-05-14', '15:00:00', 'booked'),
(9, 6, 1, '2016-05-14', '15:00:00', 'booked'),
(10, 6, 1, '2016-05-14', '15:00:00', 'booked'),
(11, 6, 1, '2016-05-14', '15:00:00', 'not booked'),
(12, 6, 1, '2016-05-14', '15:00:00', 'not booked'),
(1, 6, 1, '2016-05-15', '18:00:00', 'not booked'),
(2, 6, 1, '2016-05-15', '18:00:00', 'booked'),
(3, 6, 1, '2016-05-15', '18:00:00', 'not booked'),
(4, 6, 1, '2016-05-15', '18:00:00', 'not booked'),
(5, 6, 1, '2016-05-15', '18:00:00', 'booked'),
(6, 6, 1, '2016-05-15', '18:00:00', 'not booked'),
(7, 6, 1, '2016-05-15', '18:00:00', 'not booked'),
(8, 6, 1, '2016-05-15', '18:00:00', 'not booked'),
(9, 6, 1, '2016-05-15', '18:00:00', 'not booked'),
(10, 6, 1, '2016-05-15', '18:00:00', 'booked'),
(11, 6, 1, '2016-05-15', '18:00:00', 'not booked'),
(12, 6, 1, '2016-05-15', '18:00:00', 'not booked'),
(1, 6, 1, '2016-05-12', '00:00:00', 'not booked'),
(2, 6, 1, '2016-05-12', '00:00:00', 'not booked'),
(3, 6, 1, '2016-05-12', '00:00:00', 'not booked'),
(4, 6, 1, '2016-05-12', '00:00:00', 'not booked'),
(5, 6, 1, '2016-05-12', '00:00:00', 'not booked'),
(6, 6, 1, '2016-05-12', '00:00:00', 'not booked'),
(7, 6, 1, '2016-05-12', '00:00:00', 'not booked'),
(8, 6, 1, '2016-05-12', '00:00:00', 'not booked'),
(9, 6, 1, '2016-05-12', '00:00:00', 'not booked'),
(10, 6, 1, '2016-05-12', '00:00:00', 'not booked'),
(11, 6, 1, '2016-05-12', '00:00:00', 'not booked'),
(12, 6, 1, '2016-05-12', '00:00:00', 'not booked'),
(1, 6, 3, '2016-05-12', '11:30:00', 'not booked'),
(2, 6, 3, '2016-05-12', '11:30:00', 'not booked'),
(3, 6, 3, '2016-05-12', '11:30:00', 'not booked'),
(4, 6, 3, '2016-05-12', '11:30:00', 'not booked'),
(5, 6, 3, '2016-05-12', '11:30:00', 'not booked'),
(6, 6, 3, '2016-05-12', '11:30:00', 'not booked'),
(7, 6, 3, '2016-05-12', '11:30:00', 'not booked'),
(8, 6, 3, '2016-05-12', '11:30:00', 'not booked'),
(9, 6, 3, '2016-05-12', '11:30:00', 'not booked'),
(10, 6, 3, '2016-05-12', '11:30:00', 'not booked'),
(11, 6, 3, '2016-05-12', '11:30:00', 'not booked'),
(12, 6, 3, '2016-05-12', '11:30:00', 'not booked'),
(1, 6, 4, '2016-05-12', '11:30:00', 'not booked'),
(2, 6, 4, '2016-05-12', '11:30:00', 'not booked'),
(3, 6, 4, '2016-05-12', '11:30:00', 'not booked'),
(4, 6, 4, '2016-05-12', '11:30:00', 'not booked'),
(5, 6, 4, '2016-05-12', '11:30:00', 'not booked'),
(6, 6, 4, '2016-05-12', '11:30:00', 'not booked'),
(7, 6, 4, '2016-05-12', '11:30:00', 'not booked'),
(8, 6, 4, '2016-05-12', '11:30:00', 'not booked'),
(9, 6, 4, '2016-05-12', '11:30:00', 'not booked'),
(10, 6, 4, '2016-05-12', '11:30:00', 'not booked'),
(11, 6, 4, '2016-05-12', '11:30:00', 'not booked'),
(12, 6, 4, '2016-05-12', '11:30:00', 'not booked'),
(1, 6, 4, '2016-05-12', '18:00:00', 'not booked'),
(2, 6, 4, '2016-05-12', '18:00:00', 'not booked'),
(3, 6, 4, '2016-05-12', '18:00:00', 'not booked'),
(4, 6, 4, '2016-05-12', '18:00:00', 'not booked'),
(5, 6, 4, '2016-05-12', '18:00:00', 'not booked'),
(6, 6, 4, '2016-05-12', '18:00:00', 'not booked'),
(7, 6, 4, '2016-05-12', '18:00:00', 'not booked'),
(8, 6, 4, '2016-05-12', '18:00:00', 'not booked'),
(9, 6, 4, '2016-05-12', '18:00:00', 'not booked'),
(10, 6, 4, '2016-05-12', '18:00:00', 'not booked'),
(11, 6, 4, '2016-05-12', '18:00:00', 'not booked'),
(12, 6, 4, '2016-05-12', '18:00:00', 'not booked'),
(1, 6, 4, '2016-05-14', '18:00:00', 'not booked'),
(2, 6, 4, '2016-05-14', '18:00:00', 'not booked'),
(3, 6, 4, '2016-05-14', '18:00:00', 'not booked'),
(4, 6, 4, '2016-05-14', '18:00:00', 'not booked'),
(5, 6, 4, '2016-05-14', '18:00:00', 'not booked'),
(6, 6, 4, '2016-05-14', '18:00:00', 'not booked'),
(7, 6, 4, '2016-05-14', '18:00:00', 'not booked'),
(8, 6, 4, '2016-05-14', '18:00:00', 'not booked'),
(9, 6, 4, '2016-05-14', '18:00:00', 'not booked'),
(10, 6, 4, '2016-05-14', '18:00:00', 'not booked'),
(11, 6, 4, '2016-05-14', '18:00:00', 'not booked'),
(12, 6, 4, '2016-05-14', '18:00:00', 'not booked'),
(1, 5, 4, '2016-05-12', '11:00:00', 'not booked'),
(2, 5, 4, '2016-05-12', '11:00:00', 'not booked'),
(3, 5, 4, '2016-05-12', '11:00:00', 'not booked'),
(4, 5, 4, '2016-05-12', '11:00:00', 'not booked'),
(5, 5, 4, '2016-05-12', '11:00:00', 'not booked'),
(6, 5, 4, '2016-05-12', '11:00:00', 'not booked'),
(7, 5, 4, '2016-05-12', '11:00:00', 'not booked'),
(8, 5, 4, '2016-05-12', '11:00:00', 'not booked'),
(9, 5, 4, '2016-05-12', '11:00:00', 'not booked'),
(10, 5, 4, '2016-05-12', '11:00:00', 'not booked'),
(11, 5, 4, '2016-05-12', '11:00:00', 'not booked'),
(12, 5, 4, '2016-05-12', '11:00:00', 'not booked'),
(1, 5, 3, '2016-05-12', '12:00:00', 'not booked'),
(2, 5, 3, '2016-05-12', '12:00:00', 'not booked'),
(3, 5, 3, '2016-05-12', '12:00:00', 'not booked'),
(4, 5, 3, '2016-05-12', '12:00:00', 'not booked'),
(5, 5, 3, '2016-05-12', '12:00:00', 'not booked'),
(6, 5, 3, '2016-05-12', '12:00:00', 'not booked'),
(7, 5, 3, '2016-05-12', '12:00:00', 'not booked'),
(8, 5, 3, '2016-05-12', '12:00:00', 'not booked'),
(9, 5, 3, '2016-05-12', '12:00:00', 'not booked'),
(10, 5, 3, '2016-05-12', '12:00:00', 'not booked'),
(11, 5, 3, '2016-05-12', '12:00:00', 'not booked'),
(12, 5, 3, '2016-05-12', '12:00:00', 'not booked'),
(1, 5, 3, '2016-05-14', '15:00:00', 'not booked'),
(2, 5, 3, '2016-05-14', '15:00:00', 'not booked'),
(3, 5, 3, '2016-05-14', '15:00:00', 'not booked'),
(4, 5, 3, '2016-05-14', '15:00:00', 'not booked'),
(5, 5, 3, '2016-05-14', '15:00:00', 'not booked'),
(6, 5, 3, '2016-05-14', '15:00:00', 'not booked'),
(7, 5, 3, '2016-05-14', '15:00:00', 'not booked'),
(8, 5, 3, '2016-05-14', '15:00:00', 'not booked'),
(9, 5, 3, '2016-05-14', '15:00:00', 'not booked'),
(10, 5, 3, '2016-05-14', '15:00:00', 'not booked'),
(11, 5, 3, '2016-05-14', '15:00:00', 'not booked'),
(12, 5, 3, '2016-05-14', '15:00:00', 'not booked'),
(1, 5, 3, '2016-05-15', '21:00:00', 'not booked'),
(2, 5, 3, '2016-05-15', '21:00:00', 'not booked'),
(3, 5, 3, '2016-05-15', '21:00:00', 'not booked'),
(4, 5, 3, '2016-05-15', '21:00:00', 'not booked'),
(5, 5, 3, '2016-05-15', '21:00:00', 'not booked'),
(6, 5, 3, '2016-05-15', '21:00:00', 'not booked'),
(7, 5, 3, '2016-05-15', '21:00:00', 'not booked'),
(8, 5, 3, '2016-05-15', '21:00:00', 'not booked'),
(9, 5, 3, '2016-05-15', '21:00:00', 'not booked'),
(10, 5, 3, '2016-05-15', '21:00:00', 'not booked'),
(11, 5, 3, '2016-05-15', '21:00:00', 'not booked'),
(12, 5, 3, '2016-05-15', '21:00:00', 'not booked'),
(1, 5, 3, '2016-05-04', '22:00:00', 'not booked'),
(2, 5, 3, '2016-05-04', '22:00:00', 'not booked'),
(3, 5, 3, '2016-05-04', '22:00:00', 'not booked'),
(4, 5, 3, '2016-05-04', '22:00:00', 'not booked'),
(5, 5, 3, '2016-05-04', '22:00:00', 'not booked'),
(6, 5, 3, '2016-05-04', '22:00:00', 'not booked'),
(7, 5, 3, '2016-05-04', '22:00:00', 'not booked'),
(8, 5, 3, '2016-05-04', '22:00:00', 'not booked'),
(9, 5, 3, '2016-05-04', '22:00:00', 'not booked'),
(10, 5, 3, '2016-05-04', '22:00:00', 'not booked'),
(11, 5, 3, '2016-05-04', '22:00:00', 'not booked'),
(12, 5, 3, '2016-05-04', '22:00:00', 'not booked'),
(1, 5, 4, '2016-05-14', '20:00:00', 'not booked'),
(2, 5, 4, '2016-05-14', '20:00:00', 'not booked'),
(3, 5, 4, '2016-05-14', '20:00:00', 'not booked'),
(4, 5, 4, '2016-05-14', '20:00:00', 'not booked'),
(5, 5, 4, '2016-05-14', '20:00:00', 'not booked'),
(6, 5, 4, '2016-05-14', '20:00:00', 'not booked'),
(7, 5, 4, '2016-05-14', '20:00:00', 'not booked'),
(8, 5, 4, '2016-05-14', '20:00:00', 'not booked'),
(9, 5, 4, '2016-05-14', '20:00:00', 'not booked'),
(10, 5, 4, '2016-05-14', '20:00:00', 'not booked'),
(11, 5, 4, '2016-05-14', '20:00:00', 'not booked'),
(12, 5, 4, '2016-05-14', '20:00:00', 'not booked'),
(1, 5, 4, '2016-05-15', '18:00:00', 'not booked'),
(2, 5, 4, '2016-05-15', '18:00:00', 'not booked'),
(3, 5, 4, '2016-05-15', '18:00:00', 'not booked'),
(4, 5, 4, '2016-05-15', '18:00:00', 'not booked'),
(5, 5, 4, '2016-05-15', '18:00:00', 'not booked'),
(6, 5, 4, '2016-05-15', '18:00:00', 'not booked'),
(7, 5, 4, '2016-05-15', '18:00:00', 'not booked'),
(8, 5, 4, '2016-05-15', '18:00:00', 'not booked'),
(9, 5, 4, '2016-05-15', '18:00:00', 'not booked'),
(10, 5, 4, '2016-05-15', '18:00:00', 'not booked'),
(11, 5, 4, '2016-05-15', '18:00:00', 'not booked'),
(12, 5, 4, '2016-05-15', '18:00:00', 'not booked'),
(1, 5, 4, '2016-05-04', '15:00:00', 'not booked'),
(2, 5, 4, '2016-05-04', '15:00:00', 'not booked'),
(3, 5, 4, '2016-05-04', '15:00:00', 'not booked'),
(4, 5, 4, '2016-05-04', '15:00:00', 'not booked'),
(5, 5, 4, '2016-05-04', '15:00:00', 'not booked'),
(6, 5, 4, '2016-05-04', '15:00:00', 'not booked'),
(7, 5, 4, '2016-05-04', '15:00:00', 'not booked'),
(8, 5, 4, '2016-05-04', '15:00:00', 'not booked'),
(9, 5, 4, '2016-05-04', '15:00:00', 'not booked'),
(10, 5, 4, '2016-05-04', '15:00:00', 'not booked'),
(11, 5, 4, '2016-05-04', '15:00:00', 'not booked'),
(12, 5, 4, '2016-05-04', '15:00:00', 'not booked'),
(1, 7, 4, '2016-05-12', '15:00:00', 'not booked'),
(2, 7, 4, '2016-05-12', '15:00:00', 'not booked'),
(3, 7, 4, '2016-05-12', '15:00:00', 'not booked'),
(4, 7, 4, '2016-05-12', '15:00:00', 'not booked'),
(5, 7, 4, '2016-05-12', '15:00:00', 'not booked'),
(6, 7, 4, '2016-05-12', '15:00:00', 'not booked'),
(7, 7, 4, '2016-05-12', '15:00:00', 'not booked'),
(8, 7, 4, '2016-05-12', '15:00:00', 'not booked'),
(9, 7, 4, '2016-05-12', '15:00:00', 'not booked'),
(10, 7, 4, '2016-05-12', '15:00:00', 'not booked'),
(11, 7, 4, '2016-05-12', '15:00:00', 'not booked'),
(12, 7, 4, '2016-05-12', '15:00:00', 'not booked'),
(1, 7, 4, '2016-05-14', '12:00:00', 'not booked'),
(2, 7, 4, '2016-05-14', '12:00:00', 'not booked'),
(3, 7, 4, '2016-05-14', '12:00:00', 'not booked'),
(4, 7, 4, '2016-05-14', '12:00:00', 'not booked'),
(5, 7, 4, '2016-05-14', '12:00:00', 'not booked'),
(6, 7, 4, '2016-05-14', '12:00:00', 'not booked'),
(7, 7, 4, '2016-05-14', '12:00:00', 'not booked'),
(8, 7, 4, '2016-05-14', '12:00:00', 'not booked'),
(9, 7, 4, '2016-05-14', '12:00:00', 'not booked'),
(10, 7, 4, '2016-05-14', '12:00:00', 'not booked'),
(11, 7, 4, '2016-05-14', '12:00:00', 'not booked'),
(12, 7, 4, '2016-05-14', '12:00:00', 'not booked'),
(1, 7, 4, '2016-05-15', '13:00:00', 'not booked'),
(2, 7, 4, '2016-05-15', '13:00:00', 'not booked'),
(3, 7, 4, '2016-05-15', '13:00:00', 'not booked'),
(4, 7, 4, '2016-05-15', '13:00:00', 'not booked'),
(5, 7, 4, '2016-05-15', '13:00:00', 'not booked'),
(6, 7, 4, '2016-05-15', '13:00:00', 'not booked'),
(7, 7, 4, '2016-05-15', '13:00:00', 'not booked'),
(8, 7, 4, '2016-05-15', '13:00:00', 'not booked'),
(9, 7, 4, '2016-05-15', '13:00:00', 'not booked'),
(10, 7, 4, '2016-05-15', '13:00:00', 'not booked'),
(11, 7, 4, '2016-05-15', '13:00:00', 'not booked'),
(12, 7, 4, '2016-05-15', '13:00:00', 'not booked'),
(1, 7, 4, '2016-05-15', '18:00:00', 'not booked'),
(2, 7, 4, '2016-05-15', '18:00:00', 'not booked'),
(3, 7, 4, '2016-05-15', '18:00:00', 'not booked'),
(4, 7, 4, '2016-05-15', '18:00:00', 'not booked'),
(5, 7, 4, '2016-05-15', '18:00:00', 'not booked'),
(6, 7, 4, '2016-05-15', '18:00:00', 'not booked'),
(7, 7, 4, '2016-05-15', '18:00:00', 'not booked'),
(8, 7, 4, '2016-05-15', '18:00:00', 'not booked'),
(9, 7, 4, '2016-05-15', '18:00:00', 'not booked'),
(10, 7, 4, '2016-05-15', '18:00:00', 'not booked'),
(11, 7, 4, '2016-05-15', '18:00:00', 'not booked'),
(12, 7, 4, '2016-05-15', '18:00:00', 'not booked'),
(1, 7, 4, '2016-05-04', '18:00:00', 'not booked'),
(2, 7, 4, '2016-05-04', '18:00:00', 'not booked'),
(3, 7, 4, '2016-05-04', '18:00:00', 'not booked'),
(4, 7, 4, '2016-05-04', '18:00:00', 'not booked'),
(5, 7, 4, '2016-05-04', '18:00:00', 'not booked'),
(6, 7, 4, '2016-05-04', '18:00:00', 'not booked'),
(7, 7, 4, '2016-05-04', '18:00:00', 'not booked'),
(8, 7, 4, '2016-05-04', '18:00:00', 'not booked'),
(9, 7, 4, '2016-05-04', '18:00:00', 'not booked'),
(10, 7, 4, '2016-05-04', '18:00:00', 'not booked'),
(11, 7, 4, '2016-05-04', '18:00:00', 'not booked'),
(12, 7, 4, '2016-05-04', '18:00:00', 'not booked'),
(1, 7, 3, '2016-05-04', '18:00:00', 'not booked'),
(2, 7, 3, '2016-05-04', '18:00:00', 'not booked'),
(3, 7, 3, '2016-05-04', '18:00:00', 'not booked'),
(4, 7, 3, '2016-05-04', '18:00:00', 'not booked'),
(5, 7, 3, '2016-05-04', '18:00:00', 'not booked'),
(6, 7, 3, '2016-05-04', '18:00:00', 'not booked'),
(7, 7, 3, '2016-05-04', '18:00:00', 'not booked'),
(8, 7, 3, '2016-05-04', '18:00:00', 'not booked'),
(9, 7, 3, '2016-05-04', '18:00:00', 'not booked'),
(10, 7, 3, '2016-05-04', '18:00:00', 'not booked'),
(11, 7, 3, '2016-05-04', '18:00:00', 'not booked'),
(12, 7, 3, '2016-05-04', '18:00:00', 'not booked'),
(1, 7, 3, '2016-05-15', '12:00:00', 'not booked'),
(2, 7, 3, '2016-05-15', '12:00:00', 'not booked'),
(3, 7, 3, '2016-05-15', '12:00:00', 'not booked'),
(4, 7, 3, '2016-05-15', '12:00:00', 'not booked'),
(5, 7, 3, '2016-05-15', '12:00:00', 'not booked'),
(6, 7, 3, '2016-05-15', '12:00:00', 'not booked'),
(7, 7, 3, '2016-05-15', '12:00:00', 'not booked'),
(8, 7, 3, '2016-05-15', '12:00:00', 'not booked'),
(9, 7, 3, '2016-05-15', '12:00:00', 'not booked'),
(10, 7, 3, '2016-05-15', '12:00:00', 'not booked'),
(11, 7, 3, '2016-05-15', '12:00:00', 'not booked'),
(12, 7, 3, '2016-05-15', '12:00:00', 'not booked'),
(1, 7, 3, '2016-05-15', '17:00:00', 'not booked'),
(2, 7, 3, '2016-05-15', '17:00:00', 'not booked'),
(3, 7, 3, '2016-05-15', '17:00:00', 'not booked'),
(4, 7, 3, '2016-05-15', '17:00:00', 'not booked'),
(5, 7, 3, '2016-05-15', '17:00:00', 'not booked'),
(6, 7, 3, '2016-05-15', '17:00:00', 'not booked'),
(7, 7, 3, '2016-05-15', '17:00:00', 'not booked'),
(8, 7, 3, '2016-05-15', '17:00:00', 'not booked'),
(9, 7, 3, '2016-05-15', '17:00:00', 'not booked'),
(10, 7, 3, '2016-05-15', '17:00:00', 'not booked'),
(11, 7, 3, '2016-05-15', '17:00:00', 'not booked'),
(12, 7, 3, '2016-05-15', '17:00:00', 'not booked'),
(1, 7, 3, '2016-05-14', '21:00:00', 'not booked'),
(2, 7, 3, '2016-05-14', '21:00:00', 'not booked'),
(3, 7, 3, '2016-05-14', '21:00:00', 'not booked'),
(4, 7, 3, '2016-05-14', '21:00:00', 'not booked'),
(5, 7, 3, '2016-05-14', '21:00:00', 'not booked'),
(6, 7, 3, '2016-05-14', '21:00:00', 'not booked'),
(7, 7, 3, '2016-05-14', '21:00:00', 'not booked'),
(8, 7, 3, '2016-05-14', '21:00:00', 'not booked'),
(9, 7, 3, '2016-05-14', '21:00:00', 'not booked'),
(10, 7, 3, '2016-05-14', '21:00:00', 'not booked'),
(11, 7, 3, '2016-05-14', '21:00:00', 'not booked'),
(12, 7, 3, '2016-05-14', '21:00:00', 'not booked'),
(1, 7, 3, '2016-05-12', '12:00:00', 'not booked'),
(2, 7, 3, '2016-05-12', '12:00:00', 'not booked'),
(3, 7, 3, '2016-05-12', '12:00:00', 'not booked'),
(4, 7, 3, '2016-05-12', '12:00:00', 'not booked'),
(5, 7, 3, '2016-05-12', '12:00:00', 'not booked'),
(6, 7, 3, '2016-05-12', '12:00:00', 'not booked'),
(7, 7, 3, '2016-05-12', '12:00:00', 'not booked'),
(8, 7, 3, '2016-05-12', '12:00:00', 'not booked'),
(9, 7, 3, '2016-05-12', '12:00:00', 'not booked'),
(10, 7, 3, '2016-05-12', '12:00:00', 'not booked'),
(11, 7, 3, '2016-05-12', '12:00:00', 'not booked'),
(12, 7, 3, '2016-05-12', '12:00:00', 'not booked'),
(1, 7, 1, '2016-05-12', '12:00:00', 'not booked'),
(2, 7, 1, '2016-05-12', '12:00:00', 'not booked'),
(3, 7, 1, '2016-05-12', '12:00:00', 'not booked'),
(4, 7, 1, '2016-05-12', '12:00:00', 'not booked'),
(5, 7, 1, '2016-05-12', '12:00:00', 'not booked'),
(6, 7, 1, '2016-05-12', '12:00:00', 'not booked'),
(7, 7, 1, '2016-05-12', '12:00:00', 'not booked'),
(8, 7, 1, '2016-05-12', '12:00:00', 'not booked'),
(9, 7, 1, '2016-05-12', '12:00:00', 'not booked'),
(10, 7, 1, '2016-05-12', '12:00:00', 'not booked'),
(11, 7, 1, '2016-05-12', '12:00:00', 'not booked'),
(12, 7, 1, '2016-05-12', '12:00:00', 'not booked'),
(1, 7, 2, '2016-05-12', '12:00:00', 'not booked'),
(2, 7, 2, '2016-05-12', '12:00:00', 'not booked'),
(3, 7, 2, '2016-05-12', '12:00:00', 'not booked'),
(4, 7, 2, '2016-05-12', '12:00:00', 'not booked'),
(5, 7, 2, '2016-05-12', '12:00:00', 'not booked'),
(6, 7, 2, '2016-05-12', '12:00:00', 'not booked'),
(7, 7, 2, '2016-05-12', '12:00:00', 'not booked'),
(8, 7, 2, '2016-05-12', '12:00:00', 'not booked'),
(9, 7, 2, '2016-05-12', '12:00:00', 'not booked'),
(10, 7, 2, '2016-05-12', '12:00:00', 'not booked'),
(11, 7, 2, '2016-05-12', '12:00:00', 'not booked'),
(12, 7, 2, '2016-05-12', '12:00:00', 'not booked'),
(1, 7, 2, '2016-05-14', '18:00:00', 'not booked'),
(2, 7, 2, '2016-05-14', '18:00:00', 'not booked'),
(3, 7, 2, '2016-05-14', '18:00:00', 'not booked'),
(4, 7, 2, '2016-05-14', '18:00:00', 'not booked'),
(5, 7, 2, '2016-05-14', '18:00:00', 'not booked'),
(6, 7, 2, '2016-05-14', '18:00:00', 'not booked'),
(7, 7, 2, '2016-05-14', '18:00:00', 'not booked'),
(8, 7, 2, '2016-05-14', '18:00:00', 'not booked'),
(9, 7, 2, '2016-05-14', '18:00:00', 'not booked'),
(10, 7, 2, '2016-05-14', '18:00:00', 'not booked'),
(11, 7, 2, '2016-05-14', '18:00:00', 'not booked'),
(12, 7, 2, '2016-05-14', '18:00:00', 'not booked'),
(1, 7, 2, '2016-05-14', '21:00:00', 'not booked'),
(2, 7, 2, '2016-05-14', '21:00:00', 'not booked'),
(3, 7, 2, '2016-05-14', '21:00:00', 'not booked'),
(4, 7, 2, '2016-05-14', '21:00:00', 'not booked'),
(5, 7, 2, '2016-05-14', '21:00:00', 'not booked'),
(6, 7, 2, '2016-05-14', '21:00:00', 'not booked'),
(7, 7, 2, '2016-05-14', '21:00:00', 'booked'),
(8, 7, 2, '2016-05-14', '21:00:00', 'not booked'),
(9, 7, 2, '2016-05-14', '21:00:00', 'not booked'),
(10, 7, 2, '2016-05-14', '21:00:00', 'not booked'),
(11, 7, 2, '2016-05-14', '21:00:00', 'not booked'),
(12, 7, 2, '2016-05-14', '21:00:00', 'not booked'),
(1, 7, 2, '2016-05-15', '11:00:00', 'not booked'),
(2, 7, 2, '2016-05-15', '11:00:00', 'not booked'),
(3, 7, 2, '2016-05-15', '11:00:00', 'not booked'),
(4, 7, 2, '2016-05-15', '11:00:00', 'not booked'),
(5, 7, 2, '2016-05-15', '11:00:00', 'not booked'),
(6, 7, 2, '2016-05-15', '11:00:00', 'not booked'),
(7, 7, 2, '2016-05-15', '11:00:00', 'not booked'),
(8, 7, 2, '2016-05-15', '11:00:00', 'not booked'),
(9, 7, 2, '2016-05-15', '11:00:00', 'not booked'),
(10, 7, 2, '2016-05-15', '11:00:00', 'not booked'),
(11, 7, 2, '2016-05-15', '11:00:00', 'not booked'),
(12, 7, 2, '2016-05-15', '11:00:00', 'not booked'),
(1, 7, 2, '2016-05-04', '12:00:00', 'not booked'),
(2, 7, 2, '2016-05-04', '12:00:00', 'not booked'),
(3, 7, 2, '2016-05-04', '12:00:00', 'not booked'),
(4, 7, 2, '2016-05-04', '12:00:00', 'not booked'),
(5, 7, 2, '2016-05-04', '12:00:00', 'not booked'),
(6, 7, 2, '2016-05-04', '12:00:00', 'not booked'),
(7, 7, 2, '2016-05-04', '12:00:00', 'not booked'),
(8, 7, 2, '2016-05-04', '12:00:00', 'not booked'),
(9, 7, 2, '2016-05-04', '12:00:00', 'not booked'),
(10, 7, 2, '2016-05-04', '12:00:00', 'not booked'),
(11, 7, 2, '2016-05-04', '12:00:00', 'not booked'),
(12, 7, 2, '2016-05-04', '12:00:00', 'not booked'),
(1, 7, 1, '2016-05-14', '15:00:00', 'not booked'),
(2, 7, 1, '2016-05-14', '15:00:00', 'not booked'),
(3, 7, 1, '2016-05-14', '15:00:00', 'not booked'),
(4, 7, 1, '2016-05-14', '15:00:00', 'not booked'),
(5, 7, 1, '2016-05-14', '15:00:00', 'not booked'),
(6, 7, 1, '2016-05-14', '15:00:00', 'not booked'),
(7, 7, 1, '2016-05-14', '15:00:00', 'not booked'),
(8, 7, 1, '2016-05-14', '15:00:00', 'not booked'),
(9, 7, 1, '2016-05-14', '15:00:00', 'not booked'),
(10, 7, 1, '2016-05-14', '15:00:00', 'not booked'),
(11, 7, 1, '2016-05-14', '15:00:00', 'not booked'),
(12, 7, 1, '2016-05-14', '15:00:00', 'not booked'),
(1, 7, 1, '2016-05-04', '16:00:00', 'not booked'),
(2, 7, 1, '2016-05-04', '16:00:00', 'not booked'),
(3, 7, 1, '2016-05-04', '16:00:00', 'not booked'),
(4, 7, 1, '2016-05-04', '16:00:00', 'not booked'),
(5, 7, 1, '2016-05-04', '16:00:00', 'not booked'),
(6, 7, 1, '2016-05-04', '16:00:00', 'not booked'),
(7, 7, 1, '2016-05-04', '16:00:00', 'not booked'),
(8, 7, 1, '2016-05-04', '16:00:00', 'not booked'),
(9, 7, 1, '2016-05-04', '16:00:00', 'not booked'),
(10, 7, 1, '2016-05-04', '16:00:00', 'not booked'),
(11, 7, 1, '2016-05-04', '16:00:00', 'not booked'),
(12, 7, 1, '2016-05-04', '16:00:00', 'not booked'),
(1, 7, 1, '2016-05-15', '18:00:00', 'not booked'),
(2, 7, 1, '2016-05-15', '18:00:00', 'not booked'),
(3, 7, 1, '2016-05-15', '18:00:00', 'not booked'),
(4, 7, 1, '2016-05-15', '18:00:00', 'not booked'),
(5, 7, 1, '2016-05-15', '18:00:00', 'not booked'),
(6, 7, 1, '2016-05-15', '18:00:00', 'not booked'),
(7, 7, 1, '2016-05-15', '18:00:00', 'not booked'),
(8, 7, 1, '2016-05-15', '18:00:00', 'not booked'),
(9, 7, 1, '2016-05-15', '18:00:00', 'not booked'),
(10, 7, 1, '2016-05-15', '18:00:00', 'not booked'),
(11, 7, 1, '2016-05-15', '18:00:00', 'not booked'),
(12, 7, 1, '2016-05-15', '18:00:00', 'not booked'),
(1, 7, 1, '2016-05-04', '21:00:00', 'not booked'),
(2, 7, 1, '2016-05-04', '21:00:00', 'not booked'),
(3, 7, 1, '2016-05-04', '21:00:00', 'not booked'),
(4, 7, 1, '2016-05-04', '21:00:00', 'not booked'),
(5, 7, 1, '2016-05-04', '21:00:00', 'not booked'),
(6, 7, 1, '2016-05-04', '21:00:00', 'not booked'),
(7, 7, 1, '2016-05-04', '21:00:00', 'not booked'),
(8, 7, 1, '2016-05-04', '21:00:00', 'not booked'),
(9, 7, 1, '2016-05-04', '21:00:00', 'not booked'),
(10, 7, 1, '2016-05-04', '21:00:00', 'not booked'),
(11, 7, 1, '2016-05-04', '21:00:00', 'not booked'),
(12, 7, 1, '2016-05-04', '21:00:00', 'not booked'),
(1, 1, 3, '2016-05-05', '12:00:00', 'not booked'),
(2, 1, 3, '2016-05-05', '12:00:00', 'not booked'),
(3, 1, 3, '2016-05-05', '12:00:00', 'not booked'),
(4, 1, 3, '2016-05-05', '12:00:00', 'not booked'),
(5, 1, 3, '2016-05-05', '12:00:00', 'not booked'),
(6, 1, 3, '2016-05-05', '12:00:00', 'not booked'),
(7, 1, 3, '2016-05-05', '12:00:00', 'not booked'),
(8, 1, 3, '2016-05-05', '12:00:00', 'not booked'),
(9, 1, 3, '2016-05-05', '12:00:00', 'not booked'),
(10, 1, 3, '2016-05-05', '12:00:00', 'not booked'),
(11, 1, 3, '2016-05-05', '12:00:00', 'not booked'),
(12, 1, 3, '2016-05-05', '12:00:00', 'not booked'),
(1, 8, 3, '2016-05-10', '12:00:00', 'not booked'),
(2, 8, 3, '2016-05-10', '12:00:00', 'not booked'),
(3, 8, 3, '2016-05-10', '12:00:00', 'not booked'),
(4, 8, 3, '2016-05-10', '12:00:00', 'not booked'),
(5, 8, 3, '2016-05-10', '12:00:00', 'not booked'),
(6, 8, 3, '2016-05-10', '12:00:00', 'not booked'),
(7, 8, 3, '2016-05-10', '12:00:00', 'not booked'),
(8, 8, 3, '2016-05-10', '12:00:00', 'not booked'),
(9, 8, 3, '2016-05-10', '12:00:00', 'not booked'),
(10, 8, 3, '2016-05-10', '12:00:00', 'not booked'),
(11, 8, 3, '2016-05-10', '12:00:00', 'not booked'),
(12, 8, 3, '2016-05-10', '12:00:00', 'not booked');

-- --------------------------------------------------------

--
-- Table structure for table `theatre`
--

CREATE TABLE IF NOT EXISTS `theatre` (
  `theatre_id` int(11) NOT NULL,
  `theatre_name` varchar(100) NOT NULL,
  `city_id` int(11) NOT NULL
) ENGINE=InnoDB AUTO_INCREMENT=5 DEFAULT CHARSET=latin1;

--
-- Dumping data for table `theatre`
--

INSERT INTO `theatre` (`theatre_id`, `theatre_name`, `city_id`) VALUES
(1, 'MovieTime, Rajouri Garden', 1),
(2, 'M2K, Rohini', 1),
(3, 'PVR, Powai', 2),
(4, 'PVR Karnatake', 3);

-- --------------------------------------------------------

--
-- Table structure for table `users_tbl`
--

CREATE TABLE IF NOT EXISTS `users_tbl` (
  `id` int(11) NOT NULL,
  `username` varchar(50) NOT NULL,
  `password` varchar(50) NOT NULL,
  `userlevel` int(11) NOT NULL,
  `email` varchar(100) NOT NULL,
  `address` varchar(300) NOT NULL,
  `crdate` datetime NOT NULL DEFAULT CURRENT_TIMESTAMP
) ENGINE=InnoDB AUTO_INCREMENT=8 DEFAULT CHARSET=latin1;

--
-- Dumping data for table `users_tbl`
--

INSERT INTO `users_tbl` (`id`, `username`, `password`, `userlevel`, `email`, `address`, `crdate`) VALUES
(1, 'sanchit', '94398c93c2370b9426d0c7588d9d79ec', 9, 'sanchit234@gmail.com', '', '2016-05-11 14:57:16'),
(2, 'vargish', '61654a24131e03906f0d5514aa594852', 1, 'vargish@gmail.com', '', '2016-05-11 14:57:16'),
(3, 'sanya91', '1b3d9d2dceb19851ee93a67b664f9367', 1, 'sanya@gmail.com', '', '2016-05-11 14:57:16'),
(4, 'admin', '5f4dcc3b5aa765d61d8327deb882cf99', 9, 'admin@admin.com', '', '2016-05-11 14:57:16'),
(5, 'serti', 'c64bd96d975927c869e24d2236c1520c', 9, 'serti12@wer', '', '2016-05-11 14:57:16'),
(6, 'venkat', '1f20383838dc8688fbd142e7ec81f123', 1, 'venkat@dvts.in', '', '2016-05-11 14:57:16'),
(7, 'dvts', '5c68c964672266ddc3972578fb50cec9', 1, 'dvts2dvts.in', 'hf khsdfkhs sdfjh sdfkjsdhf sdf sdfasdfasdfasdf', '2016-05-11 15:01:13');

--
-- Indexes for dumped tables
--

--
-- Indexes for table `booked`
--
ALTER TABLE `booked`
  ADD PRIMARY KEY (`id`), ADD KEY `username` (`username`);

--
-- Indexes for table `city`
--
ALTER TABLE `city`
  ADD PRIMARY KEY (`city_id`);

--
-- Indexes for table `movie`
--
ALTER TABLE `movie`
  ADD PRIMARY KEY (`id`);

--
-- Indexes for table `theatre`
--
ALTER TABLE `theatre`
  ADD PRIMARY KEY (`theatre_id`), ADD KEY `city_id` (`city_id`);

--
-- Indexes for table `users_tbl`
--
ALTER TABLE `users_tbl`
  ADD PRIMARY KEY (`id`), ADD KEY `username` (`username`);

--
-- AUTO_INCREMENT for dumped tables
--

--
-- AUTO_INCREMENT for table `booked`
--
ALTER TABLE `booked`
  MODIFY `id` int(11) NOT NULL AUTO_INCREMENT,AUTO_INCREMENT=37;
--
-- AUTO_INCREMENT for table `city`
--
ALTER TABLE `city`
  MODIFY `city_id` int(11) NOT NULL AUTO_INCREMENT,AUTO_INCREMENT=4;
--
-- AUTO_INCREMENT for table `movie`
--
ALTER TABLE `movie`
  MODIFY `id` int(11) NOT NULL AUTO_INCREMENT,AUTO_INCREMENT=48;
--
-- AUTO_INCREMENT for table `theatre`
--
ALTER TABLE `theatre`
  MODIFY `theatre_id` int(11) NOT NULL AUTO_INCREMENT,AUTO_INCREMENT=5;
--
-- AUTO_INCREMENT for table `users_tbl`
--
ALTER TABLE `users_tbl`
  MODIFY `id` int(11) NOT NULL AUTO_INCREMENT,AUTO_INCREMENT=8;
--
-- Constraints for dumped tables
--

--
-- Constraints for table `theatre`
--
ALTER TABLE `theatre`
ADD CONSTRAINT `theatre_ibfk_1` FOREIGN KEY (`city_id`) REFERENCES `city` (`city_id`) ON DELETE CASCADE ON UPDATE CASCADE;

/*!40101 SET CHARACTER_SET_CLIENT=@OLD_CHARACTER_SET_CLIENT */;
/*!40101 SET CHARACTER_SET_RESULTS=@OLD_CHARACTER_SET_RESULTS */;
/*!40101 SET COLLATION_CONNECTION=@OLD_COLLATION_CONNECTION */;
